global_label,nodes,fine_internal_edges,fine_internal_weight,score
18,2630,4124,17526.0,1.568060836501901
23,2025,2802,8599.0,1.3837037037037037
0,1924,3192,12322.0,1.659043659043659
15,1525,2051,8690.0,1.3449180327868853
5,1504,2288,15200.0,1.5212765957446808
1,1447,2630,10137.0,1.8175535590877678
27,973,2293,9887.0,2.356628982528263
17,899,1719,11535.0,1.9121245828698554
8,877,1881,6523.0,2.144811858608894
13,855,1653,8100.0,1.9333333333333333
24,784,1254,11257.0,1.5994897959183674
12,782,1401,4719.0,1.7915601023017902
30,761,2126,7061.0,2.7936925098554535
25,724,1391,4831.0,1.921270718232044
2,711,1761,8794.0,2.476793248945148
19,653,1545,4914.0,2.3660030627871365
4,582,1003,3527.0,1.7233676975945018
16,537,1429,4745.0,2.6610800744878955
22,529,1305,4533.0,2.4669187145557654
28,456,711,1902.0,1.5592105263157894
31,440,1249,4269.0,2.838636363636364
11,425,1138,3373.0,2.6776470588235295
9,388,1213,5075.0,3.1262886597938144
10,373,633,2214.0,1.6970509383378016
26,372,1092,3723.0,2.935483870967742
6,342,1010,8457.0,2.953216374269006
7,328,707,1858.0,2.1554878048780486
21,255,556,3990.0,2.180392156862745
14,249,589,2066.0,2.3654618473895583
3,230,416,1051.0,1.808695652173913
29,222,579,4697.0,2.608108108108108
20,211,347,890.0,1.6445497630331753
