lightgcn_layers,level,clusters,intra_edge_ratio,intra_mean_weight,intra_density
1,global,32,0.8003047490053331,4.255887985229492,0.005090135802461381
1,local,256,0.7003160360055306,4.33285665512085,0.02384548498517974
1,fine,935,0.6037416405654787,4.382571697235107,0.06251104738726553
2,global,32,0.8631733401055335,4.2006049156188965,0.004730493325968259
2,local,256,0.7588532407799317,4.271650791168213,0.025021736895408434
2,fine,899,0.6643528316261745,4.341105937957764,0.06242567661622288
3,global,32,0.8802167104037925,4.172389030456543,0.004116979007947166
3,local,256,0.7651598521402974,4.239134788513184,0.022707137258579917
3,fine,869,0.6784615818730777,4.293482780456543,0.05671530539554939
