seed,level,clusters,min,mean,median,max,intra_edges,intra_edge_ratio,intra_mean_weight,intra_density
42,global,32,211,781.65625,617.5,2630,62388,0.8802167104037925,4.172389030456543,0.004116979007947166
42,local,256,2,97.70703125,69.5,619,54233,0.7651598521402974,4.239134788513184,0.022707137258579917
42,fine,869,1,28.783659378596088,16.0,247,48088,0.6784615818730777,4.293482780456543,0.05671530539554939
7,global,32,159,781.65625,676.0,1735,61789,0.8717655690058974,4.181375503540039,0.004706538141590406
7,local,256,1,97.70703125,75.0,441,53841,0.7596292220435114,4.252465724945068,0.025950508902970324
7,fine,883,1,28.327293318233295,18.0,223,47819,0.6746663280566607,4.321566581726074,0.06379166822302738
2026,global,32,182,781.65625,696.5,1865,61821,0.8722170490137984,4.1977643966674805,0.004941762565978698
2026,local,256,3,97.70703125,74.0,491,54185,0.764482632128446,4.274633407592773,0.025962520249903333
2026,fine,895,1,27.947486033519553,18.0,238,48204,0.6800981969017185,4.329122066497803,0.06355677443172829
